Method_ID,DStar,Tarantula,TarantulaStar,Ochiai,Naish2,Barinel,GP13,GP19
162,4.00000000000000000000,0.50000000000000000000,0.50000000000000000000,0.81649658092772610000,1.50000000000000000000,0.66666666666666670000,2.50000000000000000000,0.00000000000000000000
798,4.00000000000000000000,0.50000000000000000000,0.50000000000000000000,0.81649658092772610000,1.50000000000000000000,0.66666666666666670000,2.50000000000000000000,0.00000000000000000000
271,4.00000000000000000000,0.50000000000000000000,0.50000000000000000000,0.81649658092772610000,1.50000000000000000000,0.66666666666666670000,2.50000000000000000000,0.00000000000000000000
872,4.00000000000000000000,0.50000000000000000000,0.50000000000000000000,0.81649658092772610000,1.50000000000000000000,0.66666666666666670000,2.50000000000000000000,0.00000000000000000000
273,4.00000000000000000000,0.50000000000000000000,0.50000000000000000000,0.81649658092772610000,1.50000000000000000000,0.66666666666666670000,2.50000000000000000000,0.00000000000000000000