Method_ID,DStar,Tarantula,TarantulaStar,Ochiai,Naish2,Barinel,GP13,GP19
162,1.00000000000000000000,0.50000000000000000000,0.50000000000000000000,0.70710678118654750000,0.50000000000000000000,0.50000000000000000000,1.33333333333333330000,0.00000000000000000000
163,1.00000000000000000000,0.50000000000000000000,0.50000000000000000000,0.70710678118654750000,0.50000000000000000000,0.50000000000000000000,1.33333333333333330000,0.00000000000000000000
166,1.00000000000000000000,0.50000000000000000000,0.50000000000000000000,0.70710678118654750000,0.50000000000000000000,0.50000000000000000000,1.33333333333333330000,0.00000000000000000000