Method_ID,DStar,Tarantula,TarantulaStar,Ochiai,Naish2,Barinel,GP13,GP19
163,0.00000000000000000000,0.00000000000000000000,0.00000000000000000000,0.00000000000000000000,-100000000000000000000000000000000000000.00000000000000000000,0.00000000000000000000,0.00000000000000000000,0.00000000000000000000
162,0.00000000000000000000,0.00000000000000000000,0.00000000000000000000,0.00000000000000000000,-100000000000000000000000000000000000000.00000000000000000000,0.00000000000000000000,0.00000000000000000000,0.00000000000000000000
166,0.00000000000000000000,0.00000000000000000000,0.00000000000000000000,0.00000000000000000000,-100000000000000000000000000000000000000.00000000000000000000,0.00000000000000000000,0.00000000000000000000,0.00000000000000000000
