Method_ID,DStar,Tarantula,TarantulaStar,Ochiai,Naish2,Barinel,GP13,GP19
659,0.00000000000000000000,0.00000000000000000000,0.00000000000000000000,0.00000000000000000000,-0.16666666666666666000,0.00000000000000000000,0.00000000000000000000,0.00000000000000000000
657,0.00000000000000000000,0.00000000000000000000,0.00000000000000000000,0.00000000000000000000,-0.16666666666666666000,0.00000000000000000000,0.00000000000000000000,0.00000000000000000000
660,0.00000000000000000000,0.00000000000000000000,0.00000000000000000000,0.00000000000000000000,-0.16666666666666666000,0.00000000000000000000,0.00000000000000000000,0.00000000000000000000
651,0.00000000000000000000,0.00000000000000000000,0.00000000000000000000,0.00000000000000000000,-0.50000000000000000000,0.00000000000000000000,0.00000000000000000000,0.00000000000000000000
652,0.00000000000000000000,0.00000000000000000000,0.00000000000000000000,0.00000000000000000000,-0.50000000000000000000,0.00000000000000000000,0.00000000000000000000,0.00000000000000000000
662,0.00000000000000000000,0.00000000000000000000,0.00000000000000000000,0.00000000000000000000,-0.16666666666666666000,0.00000000000000000000,0.00000000000000000000,0.00000000000000000000
663,0.00000000000000000000,0.00000000000000000000,0.00000000000000000000,0.00000000000000000000,-0.16666666666666666000,0.00000000000000000000,0.00000000000000000000,0.00000000000000000000
655,0.00000000000000000000,0.00000000000000000000,0.00000000000000000000,0.00000000000000000000,-0.33333333333333330000,0.00000000000000000000,0.00000000000000000000,0.00000000000000000000
664,0.00000000000000000000,0.00000000000000000000,0.00000000000000000000,0.00000000000000000000,-0.16666666666666666000,0.00000000000000000000,0.00000000000000000000,0.00000000000000000000
656,0.00000000000000000000,0.00000000000000000000,0.00000000000000000000,0.00000000000000000000,-0.33333333333333330000,0.00000000000000000000,0.00000000000000000000,0.00000000000000000000
653,0.33333333333333330000,0.62500000000000000000,0.62500000000000000000,0.50000000000000000000,0.50000000000000000000,0.25000000000000000000,1.14285714285714280000,1.41421356237309510000
654,0.25000000000000000000,0.55555555555555560000,0.55555555555555560000,0.44721359549995790000,0.33333333333333337000,0.19999999999999996000,1.11111111111111120000,1.00000000000000000000