Method_ID,DStar,Tarantula,TarantulaStar,Ochiai,Naish2,Barinel,GP13,GP19
2472,0.25000000000000000000,0.50000000000000000000,0.50000000000000000000,0.44721359549995790000,0.19999999999999996000,0.19999999999999996000,1.11111111111111120000,0.00000000000000000000
2473,0.25000000000000000000,0.50000000000000000000,0.50000000000000000000,0.44721359549995790000,0.19999999999999996000,0.19999999999999996000,1.11111111111111120000,0.00000000000000000000
2474,2.00000000000000000000,1.00000000000000000000,1.00000000000000000000,1.00000000000000000000,1.00000000000000000000,1.00000000000000000000,2.00000000000000000000,2.00000000000000000000
2478,0.00000000000000000000,0.00000000000000000000,0.00000000000000000000,0.00000000000000000000,-0.20000000000000000000,0.00000000000000000000,0.00000000000000000000,0.00000000000000000000
2477,0.00000000000000000000,0.00000000000000000000,0.00000000000000000000,0.00000000000000000000,-0.20000000000000000000,0.00000000000000000000,0.00000000000000000000,0.00000000000000000000
2476,0.00000000000000000000,0.00000000000000000000,0.00000000000000000000,0.00000000000000000000,-0.20000000000000000000,0.00000000000000000000,0.00000000000000000000,0.00000000000000000000
2475,0.00000000000000000000,0.00000000000000000000,0.00000000000000000000,0.00000000000000000000,-0.60000000000000000000,0.00000000000000000000,0.00000000000000000000,0.00000000000000000000