Method_ID,DStar,Tarantula,TarantulaStar,Ochiai,Naish2,Barinel,GP13,GP19
2133,1.00000000000000000000,0.75000000000000000000,0.75000000000000000000,0.70710678118654750000,0.75000000000000000000,0.50000000000000000000,1.33333333333333330000,1.41421356237309510000
2144,0.00000000000000000000,0.00000000000000000000,0.00000000000000000000,0.00000000000000000000,-0.25000000000000000000,0.00000000000000000000,0.00000000000000000000,0.00000000000000000000
57,0.00000000000000000000,0.00000000000000000000,0.00000000000000000000,0.00000000000000000000,-0.25000000000000000000,0.00000000000000000000,0.00000000000000000000,0.00000000000000000000
2140,0.00000000000000000000,0.00000000000000000000,0.00000000000000000000,0.00000000000000000000,-0.25000000000000000000,0.00000000000000000000,0.00000000000000000000,0.00000000000000000000
1813,0.00000000000000000000,0.00000000000000000000,0.00000000000000000000,0.00000000000000000000,-0.50000000000000000000,0.00000000000000000000,0.00000000000000000000,0.00000000000000000000
71,0.00000000000000000000,0.00000000000000000000,0.00000000000000000000,0.00000000000000000000,-0.25000000000000000000,0.00000000000000000000,0.00000000000000000000,0.00000000000000000000
1116,0.00000000000000000000,0.00000000000000000000,0.00000000000000000000,0.00000000000000000000,-0.25000000000000000000,0.00000000000000000000,0.00000000000000000000,0.00000000000000000000
1118,0.00000000000000000000,0.00000000000000000000,0.00000000000000000000,0.00000000000000000000,-0.25000000000000000000,0.00000000000000000000,0.00000000000000000000,0.00000000000000000000