Method_ID,DStar,Tarantula,TarantulaStar,Ochiai,Naish2,Barinel,GP13,GP19
273,0.00000000000000000000,0.00000000000000000000,0.00000000000000000000,0.00000000000000000000,-100000000000000000000000000000000000000.00000000000000000000,0.00000000000000000000,0.00000000000000000000,0.00000000000000000000
872,0.00000000000000000000,0.00000000000000000000,0.00000000000000000000,0.00000000000000000000,-100000000000000000000000000000000000000.00000000000000000000,0.00000000000000000000,0.00000000000000000000,0.00000000000000000000
162,0.00000000000000000000,0.00000000000000000000,0.00000000000000000000,0.00000000000000000000,-100000000000000000000000000000000000000.00000000000000000000,0.00000000000000000000,0.00000000000000000000,0.00000000000000000000
798,0.00000000000000000000,0.00000000000000000000,0.00000000000000000000,0.00000000000000000000,-100000000000000000000000000000000000000.00000000000000000000,0.00000000000000000000,0.00000000000000000000,0.00000000000000000000
271,0.00000000000000000000,0.00000000000000000000,0.00000000000000000000,0.00000000000000000000,-100000000000000000000000000000000000000.00000000000000000000,0.00000000000000000000,0.00000000000000000000,0.00000000000000000000
