Method_ID,DStar,Tarantula,TarantulaStar,Ochiai,Naish2,Barinel,GP13,GP19
2132,0.00000000000000000000,0.00000000000000000000,0.00000000000000000000,0.00000000000000000000,-0.50000000000000000000,0.00000000000000000000,0.00000000000000000000,0.00000000000000000000
2131,0.00000000000000000000,0.00000000000000000000,0.00000000000000000000,0.00000000000000000000,-0.50000000000000000000,0.00000000000000000000,0.00000000000000000000,0.00000000000000000000
2130,2.00000000000000000000,1.00000000000000000000,1.00000000000000000000,1.00000000000000000000,1.00000000000000000000,1.00000000000000000000,2.00000000000000000000,1.00000000000000000000
2129,2.00000000000000000000,1.00000000000000000000,1.00000000000000000000,1.00000000000000000000,1.00000000000000000000,1.00000000000000000000,2.00000000000000000000,1.00000000000000000000