Method_ID,DStar,Tarantula,TarantulaStar,Ochiai,Naish2,Barinel,GP13,GP19
801,0.00000000000000000000,0.00000000000000000000,0.00000000000000000000,0.00000000000000000000,-0.20000000000000000000,0.00000000000000000000,0.00000000000000000000,0.00000000000000000000
853,0.00000000000000000000,0.00000000000000000000,0.00000000000000000000,0.00000000000000000000,-0.20000000000000000000,0.00000000000000000000,0.00000000000000000000,0.00000000000000000000
885,0.00000000000000000000,0.00000000000000000000,0.00000000000000000000,0.00000000000000000000,-0.20000000000000000000,0.00000000000000000000,0.00000000000000000000,0.00000000000000000000
944,0.00000000000000000000,0.00000000000000000000,0.00000000000000000000,0.00000000000000000000,-0.20000000000000000000,0.00000000000000000000,0.00000000000000000000,0.00000000000000000000
810,2.00000000000000000000,1.00000000000000000000,1.00000000000000000000,1.00000000000000000000,1.00000000000000000000,1.00000000000000000000,2.00000000000000000000,2.00000000000000000000